[
    {
        "1": "What Will Be The Output Of the Following Code ?\na = \"p\" * 3\nprint(a)",
        "2": "Which function finds out the Variable type in Python ?",
        "3": "Which of the following keyword is used to define a function in Python ?",
        "4": "Which of the following is a print Function in Python ?",
        "5": "Which function finds out the Variable type in Python ?",
        "6": "Which of the following keyword is used to define a function in Python ?",
        "7": "Which function finds out the Variable type in Python ?",
        "8": "Which of the following keyword is used to define a function in Python ?",
        "9": "Which function finds out the Variable type in Python ?",
        "10": "Which of the following keyword is used to define a function in Python ?"
    },
    {
        "1": {
            "a": "pp",
            "b": "ppp",
            "c": "3p",
            "d": "p3"
        },
        "2": {
            "a": "typedef",
            "b": "typeof",
            "c": "type",
            "d": "find"
        },
        "3": {
            "a": "func",
            "b": "def",
            "c": "void",
            "d": "function"
        },
        "4": {
            "a": "cout",
            "b": "print",
            "c": "println",
            "d": "stderr"
        },
        "5": {
            "a": "typedef",
            "b": "typeof",
            "c": "type",
            "d": "find"
        },
        "6": {
            "a": "func",
            "b": "def",
            "c": "void",
            "d": "function"
        },
        "7": {
            "a": "typedef",
            "b": "typeof",
            "c": "type",
            "d": "find"
        },
        "8": {
            "a": "func",
            "b": "def",
            "c": "void",
            "d": "function"
        },
        "9": {
            "a": "typedef",
            "b": "typeof",
            "c": "type",
            "d": "find"
        },
        "10": {
            "a": "func",
            "b": "def",
            "c": "void",
            "d": "function"
        }
    },
    {
        "1": "ppp",
        "2": "type",
        "3": "def",
        "4": "print",
        "5": "type",
        "6": "def",
        "7": "type",
        "8": "def",
        "9": "type",
        "10": "def"
    }
]